Date,2023,2022,2021,2020,2019,2018,2017,2016,2015,2014,2013,2012,2011,2010,2009,2008,2007,2006,2005,2004,2003,2002,2001,2000,1999,1998,1997,1996,1995
01/01,1329,1366,1346,1469,1408,1527,1561,1653,1686,1602,1668,1743,1830,1816,1674,1634,1524,1516,1543,1465,1454,1361,1337,1496,1530,1586,1657,1505,1529
02/01,1324,1383,1310,1812,1853,1829,1524,1648,1889,2018,1985,1699,1754,1811,1933,2043,1840,1453,1438,1765,1619,1519,1669,1382,1503,1817,1809,1767,1425
03/01,1707,1392,1319,1807,1903,1953,1944,1570,1667,2077,2137,2164,1797,1683,1595,2060,1952,1757,1452,1565,1881,1784,1796,1526,1495,1651,2005,1825,1703
04/01,1724,1755,1574,1514,1898,1932,1924,2002,1636,1732,2056,2115,2029,2034,1655,2177,1964,1854,1774,1473,1502,1776,1832,1818,1797,1561,1742,1913,1883
05/01,1801,1749,1640,1473,1556,1932,1936,1982,1970,1621,1760,2117,2112,2126,2006,1866,1949,1820,1852,1769,1372,1473,1838,1836,1859,1871,1462,1888,1890
06/01,1741,1762,1649,1781,1527,1730,1909,2064,1997,1970,1698,2155,2112,2027,1906,1670,1730,1818,1810,1879,1656,1308,1570,1820,1827,1813,1899,1631,2047
07/01,1370,1773,1668,1850,1874,1566,1627,2044,1963,2001,1896,1800,2156,2031,1958,1966,1526,1588,1950,1777,1668,1681,1359,1857,1820,1821,1898,1459,1605
08/01,1354,1388,1678,1828,1739,1830,1548,2043,2034,1946,1975,1689,1801,2100,1923,2064,1876,1464,1612,1786,1750,1676,1596,1531,1737,1888,1924,1863,1466
09/01,1722,1398,1395,1848,1790,1921,1860,1672,1956,1959,1982,2070,1742,1774,1981,1979,1949,1750,1496,1859,1644,1674,1703,1406,1470,1855,1868,1827,1718
10/01,1689,1734,1354,1858,1812,1860,1920,1607,1760,1939,2034,2031,2006,1700,1617,2121,1868,1690,1728,1463,1663,1725,1781,1704,1425,1547,1934,1814,1816
11/01,1744,1754,1564,1527,1882,1959,1939,1907,1641,1734,2053,2100,2108,2036,1557,2088,1856,1859,1754,1460,1466,1644,1749,1740,1649,1386,1662,1825,1873
12/01,1694,1678,1663,1533,1491,2027,1983,1809,1829,1610,1705,2127,2042,2074,1980,1782,1978,1873,1822,1800,1295,1453,1743,1703,1759,1770,1483,1834,1840
13/01,1685,1751,1585,1715,1559,1678,1875,1927,1897,1924,1610,2017,2017,2050,1958,1629,1708,1771,1764,1821,1592,1266,1448,1757,1730,1761,1781,1590,1758
14/01,1341,1671,1662,1770,1780,1639,1716,1970,2022,1953,1933,1742,2106,2114,1925,2060,1516,1583,1880,1802,1741,1635,1301,1798,1819,1795,1824,1496,1538
15/01,1331,1402,1541,1815,1763,1889,1540,1930,1985,1952,1954,1712,1711,2106,2017,1990,1892,1463,1543,1887,1816,1582,1609,1417,1734,1803,1811,1674,1421
16/01,1643,1379,1364,1813,1808,1822,1831,1625,1987,2053,1979,2059,1764,1831,1975,1998,1946,1841,1464,1796,1703,1619,1725,1310,1495,1832,1790,1787,1767
17/01,1707,1708,1328,1817,1807,1939,1894,1581,1708,2075,2020,2074,1915,1685,1655,2028,1880,1841,1710,1597,1723,1673,1759,1614,1398,1560,1888,1823,1833
18/01,1631,1612,1569,1400,1807,1905,1886,1898,1600,1680,1951,2091,1995,2016,1580,2003,1910,1855,1786,1529,1495,1698,1752,1693,1700,1473,1576,1916,1839
19/01,1734,1750,1671,1491,1627,1945,1927,1911,1920,1605,1794,2223,2057,2011,1893,1771,1987,1822,1797,1799,1384,1347,1791,1730,1730,1669,1486,1765,1890
20/01,1690,1732,1732,1688,1521,1598,1874,1944,1967,1939,1685,2191,2142,2011,1946,1565,1702,1823,1803,1819,1721,1326,1463,1775,1790,1822,1700,1564,1875
21/01,1284,1677,1738,1768,1726,1508,1697,1978,1935,2004,1931,1824,2000,2005,1972,1962,1449,1569,1896,1793,1727,1640,1342,1765,1758,1715,1741,1400,1639
22/01,1351,1417,1639,1757,1808,1839,1627,1961,1995,1943,1988,1844,1709,2067,1962,1960,1863,1556,1486,1778,1821,1665,1653,1481,1724,1862,1847,1690,1458
23/01,1750,1379,1372,1800,1782,1851,1836,1661,2054,1980,1999,2103,1640,1750,1992,2037,1907,1822,1399,1891,1751,1709,1810,1357,1457,1878,1888,1805,1777
24/01,1690,1749,1338,1874,1778,1917,1934,1701,1676,1925,1992,2155,1953,1613,1690,1941,1898,1764,1692,1499,1759,1723,1737,1641,1358,1532,1792,1854,1833
25/01,1724,1643,1656,1438,1852,1881,1894,1914,1638,1666,1931,2115,2055,1984,1627,2014,1991,1804,1780,1492,1412,1723,1792,1699,1700,1439,1590,1842,1775
26/01,1741,1699,1592,1495,1596,1947,1989,1962,1888,1578,1744,2178,2012,2023,1898,1674,1881,1879,1835,1717,1407,1382,1786,1744,1779,1743,1409,1844,1799
27/01,1691,1763,1684,1767,1463,1674,1959,1962,1928,1921,1715,2138,2063,1960,1880,1651,1656,1869,1809,1784,1677,1342,1397,1754,1751,1819,1759,1475,1886
28/01,1377,1719,1712,1770,1789,1553,1650,2062,1974,1937,1924,1825,2065,2080,1957,1975,1493,1609,1865,1792,1727,1652,1307,1703,1778,1850,1843,1461,1559
29/01,1406,1461,1723,1810,1796,1816,1605,1903,1926,1957,2027,1743,1762,2081,2022,1992,1818,1576,1585,1792,1695,1649,1667,1460,1794,1847,1816,1753,1467
30/01,1672,1373,1322,1748,1807,1827,1918,1689,1958,1970,1982,2033,1691,1827,1958,2033,1850,1785,1459,1825,1735,1720,1656,1361,1454,1851,1792,1831,1748
31/01,1633,1694,1354,1768,1875,1879,1910,1608,1725,1942,1993,2065,2086,1753,1669,1958,1959,1788,1743,1554,1723,1740,1623,1669,1348,1606,1841,1802,1798
01/02,1766,1681,1592,1527,1819,1905,1873,2050,1643,1696,2080,2072,2056,2043,1614,2050,2014,1834,1835,1491,1540,1717,1728,1709,1634,1434,1557,1878,1945
02/02,1748,1816,1645,1450,1522,1957,1972,1994,1875,1586,1714,2038,2031,2062,1825,1744,1995,1845,1833,1805,1361,1433,1742,1672,1811,1767,1386,1818,1942
03/02,1781,1824,1690,1760,1468,1560,1919,1980,1938,1884,1686,2058,2086,1995,1991,1644,1694,1904,1750,1774,1710,1325,1492,1745,1773,1846,1833,1532,1836
04/02,1362,1771,1759,1796,1821,1510,1613,2007,1986,1928,1873,1804,2122,2070,1965,1962,1461,1667,1858,1787,1755,1645,1373,1724,1830,1907,1822,1439,1603
05/02,1380,1395,1720,1670,1826,1750,1588,2060,1944,2026,2006,1707,1777,2162,2005,1939,1881,1550,1527,1836,1704,1703,1691,1429,1775,1815,1876,1683,1468
06/02,1691,1409,1440,1780,1790,1866,1913,1732,1982,2089,2020,2006,1650,1764,2038,1977,1959,1790,1440,1852,1748,1613,1703,1389,1575,1875,1893,1894,1734
07/02,1600,1744,1385,1758,1875,1857,1888,1707,1592,1975,2093,2025,2034,1694,1652,1984,1950,1814,1737,1529,1817,1675,1665,1663,1462,1521,1894,1850,1900
08/02,1728,1775,1678,1462,1857,1946,1946,1948,1618,1778,2007,2084,1945,1995,1584,1933,1936,1876,1723,1449,1428,1786,1698,1807,1724,1405,1596,1914,1866
09/02,1750,1714,1721,1442,1484,1869,1994,2003,1912,1611,1662,2124,2003,2056,1945,1697,1972,1913,1757,1720,1364,1440,1659,1687,1764,1733,1370,1841,1888
10/02,1675,1753,1717,1715,1510,1585,1991,1933,1916,2026,1644,2103,2191,2032,2010,1608,1665,1931,1751,1796,1631,1345,1444,1750,1736,1857,1810,1674,1863
11/02,1417,1776,1773,1741,1797,1485,1671,2020,1996,1993,1961,1702,2125,2020,2036,1998,1614,1612,1862,1805,1764,1621,1304,1636,1763,1859,1865,1440,1628
12/02,1363,1434,1738,1812,1783,1785,1670,1978,2070,2042,1985,1691,1773,2033,1989,1973,1940,1582,1575,1797,1726,1668,1617,1453,1773,1968,1880,1731,1569
13/02,1607,1419,1428,1758,1784,1807,1874,1747,1991,1972,1863,1953,1700,1729,1998,1935,1889,1866,1484,1725,1696,1664,1653,1331,1524,1783,1869,1825,1755
14/02,1730,1760,1435,1821,1864,1844,1948,1618,1706,2105,2065,1983,2048,1571,1746,2035,1957,1902,1772,1560,1770,1676,1718,1641,1340,1552,1954,1896,1937
15/02,1726,1742,1756,1498,1862,1858,1861,1897,1726,1790,1966,2074,2099,2006,1641,1982,1941,1838,1798,1392,1501,1810,1721,1727,1680,1446,1574,1794,1989
16/02,1751,1763,1730,1441,1487,1796,1963,1933,1939,1656,1734,2090,2133,2127,2034,1664,1987,1955,1759,1708,1303,1394,1702,1734,1795,1760,1450,1849,1845
17/02,1642,1742,1813,1716,1481,1587,1937,1944,1971,1976,1704,2108,2071,2062,2008,1481,1649,1917,1758,1783,1611,1316,1394,1787,1818,1878,1843,1572,1817
18/02,1352,1689,1808,1730,1775,1491,1562,2034,1944,1977,1976,1754,2048,2068,2036,1997,1561,1682,1837,1834,1686,1637,1287,1697,1878,1802,1966,1461,1602
19/02,1348,1463,1774,1810,1826,1736,1603,1969,2024,1944,1984,1709,1774,2072,1961,1979,1826,1610,1553,1808,1768,1704,1646,1423,1858,1845,1904,1740,1476
20/02,1608,1431,1505,1860,1847,1760,1893,1723,1966,1982,2018,1992,1682,1759,2016,1989,1851,1761,1517,1812,1772,1764,1710,1285,1512,1874,1880,1825,1790
21/02,1634,1724,1440,1784,1820,1807,1857,1631,1639,1985,2006,2051,2017,1652,1732,2086,1928,1826,1784,1610,1720,1721,1690,1562,1407,1562,1928,1809,1904
22/02,1710,1754,1756,1512,1776,1842,1830,1919,1591,1690,2002,1979,2064,1894,1647,2071,1937,1892,1783,1482,1517,1756,1727,1654,1781,1477,1629,1834,1799
23/02,1743,1749,1787,1406,1485,1838,1913,1884,1890,1574,1729,2113,2000,2056,1899,1779,1995,1832,1840,1687,1394,1445,1796,1689,1846,1772,1437,1802,1894
24/02,1715,1817,1784,1622,1470,1552,1962,1958,1962,1921,1589,2098,2099,2022,1956,1636,1665,1970,1837,1823,1733,1294,1439,1830,1841,1839,1811,1636,1874
25/02,1309,1729,1781,1760,1782,1449,1704,2035,1942,2046,1966,1680,2028,2046,1945,1982,1545,1605,1911,1810,1790,1721,1429,1781,1836,1844,1872,1445,1653
26/02,1324,1402,1730,1732,1760,1834,1567,2024,1989,1995,2061,1654,1731,2051,1931,1976,1820,1515,1535,1819,1729,1786,1639,1485,1855,1873,1903,1744,1421
27/02,1678,1365,1424,1731,1785,1735,1867,1706,1944,2004,2076,2040,1728,1774,1991,2102,1868,1804,1463,1883,1704,1735,1733,1336,1589,1899,1844,1845,1767
28/02,1599,1708,1449,1749,1847,1781,1880,1643,1649,2027,1967,2070,1983,1736,1838,2041,1915,1903,1801,1547,1775,1756,1750,1695,1435,1602,1886,1801,1930
29/02,[z],[z],[z],1474,[z],[z],[z],1855,[z],[z],[z],2021,[z],[z],[z],1982,[z],[z],[z],1426,[z],[z],[z],1696,[z],[z],[z],1816,[z]
01/03,1721,1751,1801,1460,1800,1732,1969,1994,1587,1690,2022,2084,2085,2060,1654,1754,1945,1906,1876,1799,1515,1726,1708,1754,1818,1407,1598,1877,1974
02/03,1754,1705,1771,1667,1517,1779,1942,1995,1903,1613,1701,2084,1960,2022,1957,1699,1931,1923,1853,1781,1325,1401,1765,1825,1870,1766,1520,1577,1934
03/03,1793,1833,1760,1802,1484,1508,1916,2082,1916,1999,1601,1729,2057,1969,1979,1975,1686,1983,1860,1790,1772,1326,1418,1769,1822,1902,1750,1408,2001
04/03,1333,1810,1789,1811,1810,1462,1688,2012,1924,2011,2003,1656,2139,2017,2002,2021,1572,1652,1885,1809,1776,1617,1321,1499,1912,1868,1889,1706,1659
05/03,1371,1395,1810,1776,1819,1756,1574,1691,1972,1979,1995,2065,1755,2002,1993,2012,1897,1510,1587,1849,1792,1746,1659,1346,1871,1849,1862,1833,1416
06/03,1694,1480,1430,1759,1795,1799,1834,1637,1890,1957,2118,2079,1677,1766,2032,2077,1958,1860,1493,1558,1798,1789,1708,1594,1491,1952,1937,1762,1754
07/03,1752,1763,1460,1466,1852,1807,1911,1913,1692,2019,2062,2041,1946,1669,1785,2060,1953,1875,1809,1442,1756,1741,1748,1709,1391,1556,1947,1809,1851
08/03,1779,1756,1746,1435,1879,1869,1890,1999,1545,1661,2020,2115,1987,1901,1597,1734,1960,1886,1786,1692,1514,1736,1718,1765,1729,1418,1552,1859,1958
09/03,1720,1768,1757,1760,1501,1867,1971,1825,1892,1622,1728,2160,2015,2118,1907,1576,1891,1876,1812,1682,1381,1414,1745,1769,1884,1768,1494,1561,1936
10/03,1734,1759,1783,1718,1503,1628,1877,1934,1906,1939,1654,1715,2058,2002,1972,2009,1672,1920,1819,1809,1654,1332,1418,1772,1691,1845,1766,1454,1891
11/03,1373,1760,1785,1713,1741,1560,1619,1926,1890,1954,1943,1703,2098,2028,1920,2026,1582,1665,1862,1715,1706,1693,1280,1470,1790,1886,1937,1769,1613
12/03,1362,1407,1837,1827,1862,1741,1547,1662,1973,1969,1898,1998,1683,2022,2078,2054,1841,1494,1563,1863,1784,1645,1623,1328,1778,1906,1824,1808,1491
13/03,1655,1388,1482,1706,1783,1796,1863,1610,1891,1932,1985,2040,1699,1701,2010,2013,1884,1781,1493,1546,1791,1727,1666,1603,1601,1800,1886,1799,1692
14/03,1619,1757,1428,1464,1837,1782,1923,1852,1709,1957,2031,2054,1944,1683,1641,2054,1924,1895,1802,1458,1707,1720,1716,1684,1412,1581,1839,1881,1953
15/03,1603,1707,1707,1441,1815,1861,1958,1906,1602,1645,2026,2103,1994,1889,1653,1679,1926,1917,1770,1651,1455,1707,1735,1671,1718,1429,1604,1942,1944
16/03,1700,1741,1748,1688,1469,1884,1877,2008,1859,1725,1688,2137,1967,2027,1911,1667,1931,1863,1851,1787,1355,1352,1712,1702,1773,1697,1505,1606,1877
17/03,1663,1744,1838,1725,1494,1497,1879,1994,1866,1932,1601,1790,2052,2013,1940,1909,1659,1864,1804,1827,1667,1272,1487,1740,1883,1791,1808,1430,1961
18/03,1390,1715,1762,1791,1796,1490,1618,1982,1882,1979,1899,1735,1977,2060,1923,2043,1562,1522,1792,1803,1741,1612,1340,1430,1814,1931,1859,1717,1571
19/03,1292,1404,1815,1803,1833,1769,1581,1701,2030,1953,1926,1987,1646,2045,2014,2065,1896,1569,1550,1832,1788,1689,1653,1337,1795,1788,1893,1863,1469
20/03,1601,1382,1400,1747,1804,1807,1863,1611,1841,1972,2001,2052,1668,1741,2010,2149,1873,1824,1508,1546,1732,1680,1655,1679,1500,1891,1928,1814,1681
21/03,1633,1663,1458,1411,1867,1809,1844,1857,1610,2007,2000,2062,2007,1591,1717,1811,1898,1859,1753,1406,1677,1653,1680,1766,1413,1544,1917,1902,1877
22/03,1668,1680,1735,1388,1777,1895,1911,1973,1565,1680,1944,2083,1941,1947,1625,1789,1902,1763,1824,1695,1447,1688,1797,1834,1730,1408,1614,1833,1870
23/03,1672,1736,1813,1682,1499,1863,1978,1952,1961,1626,1689,2024,1971,2027,1943,1590,1922,1849,1862,1757,1334,1362,1682,1789,1773,1769,1464,1669,1836
24/03,1689,1723,1781,1674,1468,1635,1933,2093,1939,1888,1640,1796,2062,2007,2019,1609,1634,1946,2035,1824,1689,1270,1525,1828,1795,1752,1803,1453,1879
25/03,1265,1769,1864,1728,1744,1472,1533,1713,1893,1887,1969,1662,2043,2039,2016,1983,1425,1650,1654,1784,1751,1634,1240,1477,1811,1783,1937,1722,1646
26/03,1262,1396,1724,1782,1768,1821,1477,1652,1929,1931,1947,1984,1728,1972,2013,2070,1877,1508,1512,1779,1779,1731,1630,1333,1807,1857,1892,1802,1373
27/03,1664,1311,1449,1749,1826,1867,1891,1545,1889,2012,2037,2063,1586,1691,2001,2010,1881,1879,1373,1519,1801,1695,1609,1720,1513,1862,2059,1827,1755
28/03,1674,1660,1343,1427,1793,1941,1923,1569,1611,1945,2086,2042,1989,1598,1752,2033,1929,1875,1424,1423,1784,1785,1737,1729,1369,1580,1705,1929,1885
29/03,1596,1758,1806,1326,1787,2008,1960,1971,1585,1618,1761,2117,2049,2047,1546,1746,1847,1883,1772,1762,1500,1465,1723,1728,1819,1340,1538,1853,1846
30/03,1773,1724,1802,1699,1513,1615,1986,2012,1944,1500,1672,2077,1984,2136,1966,1616,1863,1922,1840,1788,1359,1409,1691,1734,1839,1829,1318,1518,1850
31/03,1650,1785,1797,1655,1444,1555,1889,1912,1996,1863,1587,1806,2047,2175,1984,2013,1571,1942,1847,1817,1715,1355,1404,1731,1886,1871,1438,1387,1920
01/04,1301,1652,1889,1710,1702,1484,1556,2018,1984,1845,1605,1632,2011,2095,1939,1976,1508,1511,1776,1774,1713,1295,1215,1531,1937,1732,1733,1655,1563
02/04,1264,1411,1523,1860,1817,1515,1565,1606,2098,1903,1935,2081,1720,1820,1981,1959,1849,1460,1500,1857,1789,1629,1632,1391,1629,1832,1917,1811,1410
03/04,1663,1328,1486,1797,1853,1792,1861,1618,1732,1973,1969,2027,1666,1696,2040,2035,1923,1803,1451,1521,1712,1775,1722,1643,1527,1915,1933,1850,1777
04/04,1747,1692,1405,1430,1772,1879,1893,1944,1664,1960,2036,2122,2007,1585,1725,1995,1904,1820,1802,1397,1830,1753,1649,1784,1383,1592,1924,1942,1908
05/04,1771,1762,1372,1390,1869,1943,1959,2107,1622,1648,2103,2175,2113,1584,1579,1659,2045,1839,1750,1750,1522,1676,1679,1680,1406,1369,1692,1658,1901
06/04,1876,1771,1785,1704,1561,1929,1975,1925,1595,1624,1679,1863,2007,1944,1966,1561,1834,1894,1800,1806,1413,1410,1751,1781,1731,1808,1452,1468,1969
07/04,1393,1828,1833,1782,1520,1573,1957,1991,1868,1872,1668,1758,2082,2064,2030,1972,1595,1867,1937,1834,1721,1347,1432,1726,1796,1889,1858,1367,1919
08/04,1361,1776,1837,1778,1808,1464,1648,2029,1955,1956,1893,1691,1956,2107,2071,2009,1455,1615,1881,1875,1815,1665,1284,1494,1849,1898,1824,1397,1556
09/04,1250,1403,1834,1823,1845,1762,1659,1628,2001,1893,2013,1752,1793,2023,2188,2034,1633,1499,1546,1592,1789,1687,1638,1362,1845,2017,1838,1770,1416
10/04,1308,1370,1438,1622,1736,1890,1941,1581,1986,1946,1929,2076,1633,1690,1876,2016,1882,1841,1449,1578,1738,1743,1797,1679,1468,1702,1890,1956,1837
11/04,1751,1773,1401,1462,1832,1869,1897,1905,1638,1948,2016,2180,2008,1591,1730,2018,1986,1839,1802,1501,1834,1642,1731,1696,1348,1521,1859,1772,1905
12/04,1681,1796,1663,1412,1802,1925,1930,1968,1620,1670,1940,2098,1980,1899,1645,1701,1984,1947,1864,1389,1554,1747,1756,1788,1774,1417,1609,1794,1897
13/04,1681,1771,1793,1420,1508,1842,2039,2009,1835,1595,1621,2077,1939,1990,1624,1637,1956,1960,1788,1766,1476,1392,1434,1735,1763,1440,1493,1586,1884
14/04,1667,1822,1777,1700,1388,1514,1729,2037,1944,1849,1559,1762,2052,1996,1876,2023,1641,1740,1806,1912,1739,1289,1422,1794,1796,1778,1852,1411,1681
15/04,1296,1393,1765,1704,1777,1533,1651,1999,2025,2007,1914,1587,2055,1952,2041,2008,1612,1563,1804,1901,1787,1650,1343,1476,1833,1901,1822,1623,1526
16/04,1324,1420,1713,1712,1803,1779,1596,1693,1971,2019,1833,1983,1756,2053,2052,2074,1917,1434,1574,1863,1937,1624,1319,1394,1857,1947,1936,1873,1441
17/04,1685,1254,1420,1807,1816,1858,1576,1607,1908,2070,1936,2019,1733,1691,2050,2054,1953,1513,1520,1595,1901,1679,1640,1711,1555,1936,1873,1831,1438
18/04,1690,1334,1464,1453,1986,1898,1929,1930,1628,1691,1941,2121,2040,1608,1719,2063,1931,1912,1828,1408,1587,1711,1757,1785,1444,1555,1917,1868,1787
19/04,1618,1778,1735,1384,1555,1918,1981,2009,1602,1674,1935,2124,2092,1985,1671,1835,1941,1942,1757,1737,1538,1699,1820,1793,1692,1427,1610,1793,1950
20/04,1719,1757,1765,1686,1512,1863,1979,1937,1814,1568,1687,2054,2090,1978,1892,1689,1938,1931,1835,1828,1422,1415,1757,1930,1679,1749,1503,1510,1894
21/04,1629,1797,1827,1749,1461,1510,1994,1987,1999,1571,1532,1717,2253,2000,2022,2012,1584,1972,1831,1841,1481,1287,1445,1580,1782,1842,1770,1401,1967
22/04,1310,1725,1789,1720,1437,1546,1637,2023,2011,1901,1898,1690,1799,2077,2023,2030,1594,1654,1906,1827,1706,1595,1352,1397,1799,1865,1893,1732,1610
23/04,1340,1398,1719,1778,1776,1778,1589,1795,1975,1992,1881,1981,1746,2026,2025,2046,1881,1521,1563,1810,1836,1719,1649,1353,1904,1909,1894,1797,1479
24/04,1671,1370,1498,1758,1820,1872,1869,1639,2021,2071,1940,1959,1664,1719,2098,1976,1963,1853,1427,1512,1838,1753,1721,1452,1487,1890,1966,1698,1693
25/04,1669,1709,1473,1418,1844,1897,1954,2000,1652,1954,1955,2037,1620,1681,1747,2053,1855,1859,1787,1467,1826,1819,1735,1660,1401,1608,1925,1742,1861
26/04,1673,1682,1776,1416,1817,1882,1925,1906,1640,1704,1926,2098,2028,2039,1644,1720,1943,1961,1877,1750,1500,1778,1817,1778,1740,1450,1719,1774,1958
27/04,1737,1775,1807,1727,1525,1917,1986,1870,1914,1641,1608,2007,2151,2076,2028,1719,1905,1973,1915,1777,1479,1415,1784,1818,1866,1747,1545,1542,1973
28/04,1747,1729,1827,1667,1421,1582,2005,2002,2019,1883,1513,1738,2155,2066,2114,2077,1640,2038,1880,1859,1753,1373,1509,1808,1765,1859,1881,1381,1850
29/04,1383,1734,1866,1704,1790,1559,1699,2134,2017,1927,1899,1668,1916,2094,2010,2022,1537,1654,1795,1791,1824,1649,1354,1607,1869,1885,1945,1700,1632
30/04,1398,1366,1798,1764,1795,1866,1634,1766,2113,1955,1922,2011,1786,2067,2041,2091,1834,1578,1613,1865,1701,1724,1661,1405,1831,1941,1913,1793,1495
01/05,1332,1349,1516,1784,1894,1938,1642,1644,2015,2060,2004,2061,1650,1739,2138,2091,1963,1560,1541,1592,1849,1729,1761,1434,1538,1871,1992,1875,1880
02/05,1764,1404,1500,1463,1869,1873,1997,1599,1745,2112,2006,2083,1671,1678,1701,2197,1959,1939,1471,1516,1844,1760,1805,1699,1452,1570,2021,1863,1885
03/05,1755,1771,1422,1413,1869,1946,2013,2049,1729,1711,1987,2129,2021,1679,1661,1772,2046,1990,1806,1500,1597,1843,1746,1875,1368,1465,1671,1829,2019
04/05,1788,1776,1844,1722,1660,1986,2000,2036,1578,1603,1680,2171,2138,2033,1645,1648,2020,1991,1894,1722,1429,1539,1839,1765,1770,1496,1519,1554,2068
05/05,1802,1735,1849,1802,1507,1572,2051,2083,2060,1608,1605,1799,2127,2086,2031,1692,1714,2000,1872,1946,1496,1339,1453,1801,1859,1719,1510,1436,2057
06/05,1372,1811,1797,1838,1477,1501,1677,2080,1997,1952,1596,1779,2080,2098,2127,2006,1630,1610,1870,1871,1759,1329,1366,1534,1899,1849,1830,1450,1667
07/05,1352,1409,1780,1871,1841,1621,1577,1734,2000,2068,1968,1752,1791,2152,2111,2043,1594,1492,1570,1827,1860,1653,1362,1436,1924,1953,1926,1775,1577
08/05,1366,1407,1496,1595,1927,1927,1934,1747,2093,2135,2024,2130,1801,1739,2071,2093,1958,1861,1438,1514,1864,1757,1691,1706,1587,1904,1926,1870,1516
09/05,1755,1698,1427,1524,1926,1931,1905,2044,1668,1986,1997,2122,2086,1681,1771,2094,1988,1949,1765,1425,1867,1720,1789,1753,1457,1626,1854,1898,1765
10/05,1765,1723,1782,1418,1879,1901,1977,2024,1700,1742,2034,2166,2085,2017,1646,1862,1989,1999,1883,1746,1510,1771,1824,1791,1776,1423,1548,1791,1927
11/05,1774,1798,1732,1736,1601,1963,1990,2047,1966,1629,1655,2102,2104,1965,1992,1721,2007,1985,1799,1810,1386,1467,1832,1737,1877,1831,1476,1566,1992
12/05,1729,1740,1857,1713,1498,1580,2035,2077,2023,1898,1607,1767,2103,2093,1995,2081,1693,1931,1889,1776,1744,1345,1479,1800,1855,1818,1857,1435,1932
13/05,1375,1729,1727,1775,1862,1590,1662,2050,1943,1959,1909,1690,2123,2003,1960,2067,1599,1663,1741,1786,1852,1590,1399,1447,1897,1829,1859,1655,1641
14/05,1396,1451,1771,1781,1808,1879,1649,1747,2065,1963,2003,2089,1781,2030,1948,2033,1961,1541,1558,1874,1853,1736,1720,1442,1909,1906,1908,1896,1526
15/05,1737,1362,1425,1831,1843,1989,1893,1635,2094,2076,2003,2145,1674,1744,1972,2051,2007,1848,1464,1559,1847,1824,1723,1755,1563,1931,1954,1846,1808
16/05,1666,1752,1463,1486,1862,1910,1908,1943,1785,2029,2064,2072,2009,1664,1702,2017,2003,1959,1806,1440,1773,1723,1787,1775,1457,1597,1910,1849,1878
17/05,1775,1802,1723,1398,1894,1980,1917,2046,1717,1762,2012,2182,2106,1948,1683,1759,2023,1895,1798,1736,1549,1806,1802,1770,1713,1478,1698,1823,1916
18/05,1800,1755,1765,1788,1627,1922,1983,2005,1957,1683,1713,2205,2105,2027,1988,1710,1955,1971,1825,1819,1459,1451,1775,1760,1864,1757,1587,1586,1983
19/05,1724,1849,1756,1790,1518,1658,1999,2040,2008,1987,1593,1837,2134,2028,2052,2028,1771,1914,1805,1919,1739,1298,1454,1822,1816,1787,1821,1488,1971
20/05,1411,1832,1810,1867,1807,1599,1753,2019,2040,1902,1893,1682,2112,2007,2006,2049,1612,1637,1904,1858,1765,1680,1370,1487,1959,1831,1872,1801,1701
21/05,1403,1394,1789,1879,1877,1862,1666,1799,2134,2056,2000,2020,1817,2144,2065,2034,1930,1592,1592,1835,1842,1699,1615,1363,1847,1884,1908,1860,1526
22/05,1775,1407,1472,1830,1942,1963,1947,1664,2121,2105,2034,2123,1672,1744,2146,2073,2022,1866,1497,1479,1857,1783,1832,1714,1569,1860,1962,1907,1849
23/05,1722,1739,1436,1511,1946,1904,1982,1938,1740,2070,1995,2092,2055,1782,1807,2154,2084,1903,1831,1381,1902,1697,1807,1773,1444,1563,1919,1899,2037
24/05,1744,1720,1741,1476,1935,1969,2008,1989,1702,1748,2035,2201,2060,2031,1663,1814,2076,1948,1839,1729,1474,1715,1859,1838,1760,1392,1640,1951,1986
25/05,1799,1818,1735,1451,1582,1910,2118,2026,1684,1604,1710,2160,2023,2065,1687,1670,2087,1980,1864,1806,1473,1480,1734,1866,1886,1432,1418,1673,2080
26/05,1779,1781,1813,1817,1533,1695,2007,2124,1985,1643,1670,1847,2181,2049,1983,1657,1765,2048,1902,1924,1400,1336,1528,1819,1881,1719,1476,1456,2041
27/05,1413,1734,1755,1857,1569,1517,1697,2074,2061,1966,1665,1810,2105,2103,1984,2031,1612,1726,1986,1899,1817,1670,1379,1516,1986,1861,1771,1454,1722
28/05,1409,1471,1804,1820,1860,1675,1686,1684,2149,2050,1956,2082,1851,2108,2053,2108,1662,1598,1626,1871,1844,1723,1400,1366,2021,1793,1961,1725,1565
29/05,1307,1413,1464,1836,1918,1905,1582,1738,2121,1986,1999,2121,1758,1734,2075,2046,1934,1569,1503,1580,1800,1773,1644,1491,1578,1836,1973,1816,1538
30/05,1754,1789,1438,1552,1894,1958,1959,1630,1841,2085,2100,2112,1751,1634,1684,2075,2086,1850,1464,1463,1935,1724,1856,1580,1475,1615,2017,1902,1760
31/05,1780,1826,1440,1470,1883,1975,2010,2012,1689,1720,2098,2205,2004,1639,1711,1729,2080,1909,1807,1523,1524,1766,1843,1837,1482,1424,1660,1914,1935
01/06,1732,1925,1829,1750,1555,2056,2070,2074,1978,1641,1763,2174,2098,2015,2025,1746,2043,1976,1922,1841,1447,1530,1777,1859,1739,1754,1503,1642,1922
02/06,1757,1481,1849,1768,1576,1683,2002,2097,2034,1984,1598,1828,2166,2064,2022,1867,1778,1927,1847,1892,1828,1385,1481,1778,1902,1787,1780,1482,1977
03/06,1366,1486,1873,1815,1863,1568,1620,2108,2067,2039,1986,1727,2110,2140,1984,1964,1696,1653,1933,1912,1778,1394,1333,1534,1865,1878,1929,1856,1637
04/06,1373,1377,1863,1828,1929,1880,1595,1738,2152,1949,1949,1735,1835,2160,2042,2024,1922,1633,1570,1889,1812,1389,1675,1381,1891,1835,1895,1888,1479
05/06,1684,1398,1449,1842,1915,1867,1952,1659,2143,2083,2002,1757,1731,1809,2020,2097,1964,1907,1565,1608,1801,1707,1755,1691,1641,1866,1976,1923,1780
06/06,1695,1749,1491,1520,1978,1867,1926,1967,1715,2034,2042,2130,2070,1711,1671,2064,2014,1826,1793,1475,1761,1781,1694,1752,1456,1537,1963,1998,1951
07/06,1741,1810,1801,1462,1879,1983,1995,1981,1701,1751,2013,2176,2102,1968,1618,1695,1971,1982,1875,1778,1528,1791,1771,1748,1782,1428,1596,2010,1883
08/06,1761,1839,1802,1745,1585,1920,1980,2023,1992,1693,1694,2243,2100,1995,1979,1709,1971,1968,1814,1862,1334,1510,1805,1748,1870,1720,1464,1684,1880
09/06,1779,1816,1851,1812,1541,1662,1927,2012,2057,1873,1623,1774,2226,2080,2052,2057,1692,2080,1864,1845,1739,1379,1452,1805,1873,1789,1725,1492,1931
10/06,1397,1794,1858,1795,1837,1555,1632,2052,2060,1964,1953,1712,2140,2137,2008,2152,1578,1729,1885,1850,1844,1655,1419,1491,1890,1874,1842,1847,1611
11/06,1388,1344,1873,1824,1924,1901,1617,1739,2144,2038,1971,2053,1800,2092,2110,2083,1939,1662,1584,1843,1852,1791,1669,1340,1879,1920,1921,1893,1590
12/06,1707,1419,1511,1771,1946,1900,1948,1670,2038,2053,2037,2079,1728,1795,2123,1978,1991,1972,1511,1592,1884,1682,1706,1691,1594,1835,2003,1841,1813
13/06,1783,1768,1447,1501,2029,1857,1945,1992,1750,1988,2076,2031,2072,1686,1732,1913,1962,1945,1816,1493,1726,1671,1660,1743,1501,1593,1852,1868,1896
14/06,1767,1805,1764,1566,1907,1936,2007,1952,1722,1700,1922,2255,2113,1944,1739,1746,1969,1893,1900,1810,1561,1742,1763,1799,1857,1454,1654,1870,1926
15/06,1773,1828,1739,1795,1581,1956,2044,2073,1939,1638,1679,2181,2162,2055,2000,1692,2006,1924,1862,1857,1473,1555,1780,1737,1833,1789,1437,1671,1961
16/06,1795,1775,1851,1832,1494,1595,1975,2036,2061,1898,1688,1792,2136,1968,1992,2072,1733,2016,1995,1915,1817,1407,1534,1850,1819,1883,1784,1562,2054
17/06,1355,1768,1905,1743,1841,1564,1648,2040,2020,2011,2033,1660,2070,2075,2097,2015,1629,1711,1963,1897,1792,1719,1349,1455,1983,1846,1896,1784,1633
18/06,1404,1439,1811,1802,1918,1904,1671,1715,2065,2022,1979,2039,1762,2012,2014,2043,1946,1644,1659,1895,1899,1806,1653,1444,1870,1930,1928,1813,1518
19/06,1725,1377,1472,1767,1890,1904,2026,1709,1957,2031,2038,2066,1745,1775,2012,2049,1983,1957,1648,1582,1788,1787,1745,1747,1592,1997,2004,1907,1924
20/06,1722,1698,1476,1539,1953,1961,1988,1990,1713,1970,2023,2152,2089,1809,1706,2131,1947,1921,1836,1513,1842,1805,1766,1827,1435,1726,1871,1976,2053
21/06,1775,1725,1791,1503,1883,1954,1970,2073,1695,1697,2065,2055,2133,1996,1715,1794,2022,1983,1917,1781,1480,1728,1790,1734,1774,1520,1657,1906,2057
22/06,1736,1780,1807,1749,1598,1919,2034,2039,1985,1689,1712,2155,2186,2131,2005,1705,2018,1922,1874,1838,1482,1483,1822,1666,1813,1735,1549,1583,2046
23/06,1792,1784,1879,1779,1554,1631,1977,2148,2038,1937,1684,1723,2102,2065,2108,2062,1682,1995,1904,1817,1786,1365,1446,1713,1857,1865,1891,1522,2083
24/06,1353,1804,1874,1874,1859,1591,1581,2047,1979,2023,1879,1767,2125,2090,2144,2037,1628,1677,1933,1887,1777,1649,1427,1428,1875,1873,1908,1778,1665
25/06,1336,1375,1805,1809,1900,1965,1553,1777,2092,2022,1999,2080,1799,2034,2071,2087,1881,1663,1615,1906,1879,1788,1765,1368,1841,1964,1871,1903,1606
26/06,1722,1393,1497,1830,1870,1951,1829,1696,1968,2077,1985,2074,1798,1749,2075,1987,1951,1836,1378,1602,1896,1741,1784,1613,1643,1887,1964,1993,1926
27/06,1710,1700,1494,1481,1801,1896,1942,1997,1798,2007,2096,2176,2088,1764,1707,2121,1951,1988,1886,1512,1909,1709,1776,1803,1482,1636,1957,1915,1998
28/06,1681,1855,1834,1495,1887,1974,1962,2082,1594,1779,2020,2112,2153,2071,1726,1815,1891,2001,1851,1847,1500,1777,1733,1687,1733,1508,1675,1951,1911
29/06,1736,1752,1837,1695,1508,1921,1967,2087,2050,1638,1749,2120,2066,2116,2007,1709,2014,2077,1937,1888,1387,1467,1727,1756,1829,1823,1497,1677,2072
30/06,1760,1769,1871,1803,1538,1647,2048,2128,2073,1961,1723,1838,2130,2153,2116,2077,1714,1995,1941,1886,1879,1346,1426,1729,1906,1865,1859,1510,2014
01/07,1384,1758,1877,1816,1815,1595,1645,2048,2075,2063,2047,1684,2142,2156,2173,2110,1585,1650,1960,1900,1867,1725,1360,1483,1888,1856,1882,1879,1721
02/07,1373,1424,1845,1784,1812,1888,1639,1717,2150,2116,1999,2059,1816,2159,2107,2118,2016,1672,1622,1914,1899,1735,1777,1410,1888,1940,1881,2032,1541
03/07,1736,1396,1537,1799,1912,1951,1935,1693,1984,2058,2042,2085,1761,1767,2128,2101,1972,1930,1479,1588,1876,1843,1788,1701,1644,1945,2015,1938,1819
04/07,1744,1734,1507,1473,1991,1886,2000,2005,1761,2030,2080,2122,2027,1779,1754,2151,1991,2004,1846,1521,1867,1867,1845,1819,1503,1658,1879,1969,1935
05/07,1732,1710,1841,1458,1983,2046,2043,2093,1687,1721,2120,2113,2159,1901,1587,1805,2018,2016,1881,1799,1612,1774,1768,1736,1789,1431,1607,1942,1963
06/07,1794,1743,1876,1731,1584,1958,2062,2160,1995,1689,1809,2173,2079,2083,2024,1674,2031,1986,1885,1781,1471,1440,1771,1759,1850,1822,1468,1702,1944
07/07,1792,1836,1908,1766,1610,1615,2059,2197,2066,2023,1712,1820,2162,1991,2037,1972,1732,1989,1980,1858,1876,1406,1427,1827,1832,1878,1864,1646,1909
08/07,1481,1830,1933,1715,1865,1611,1674,2151,2134,2006,2002,1731,2098,2128,2001,2055,1630,1673,2058,1910,1866,1748,1393,1526,1834,1909,1930,1884,1714
09/07,1404,1411,1829,1846,1890,1886,1658,1807,2153,2007,1989,2079,1841,2118,2055,2050,2009,1562,1722,1938,1924,1710,1658,1381,1885,1907,1941,1854,1544
10/07,1771,1406,1531,1787,1940,2022,2045,1734,2023,2089,2104,2031,1775,1851,2059,2090,2047,1835,1632,1584,1963,1789,1707,1740,1543,1973,2010,2033,1900
11/07,1747,1821,1537,1501,1873,1901,2006,2115,1830,1992,2039,2080,2062,1715,1744,2102,2105,1908,1963,1543,1897,1792,1748,1826,1465,1620,1963,1961,1988
12/07,1809,1893,1822,1471,1971,1989,2027,2154,1712,1685,2056,2126,2205,1970,1660,1735,2062,1903,2024,1883,1563,1717,1722,1789,1817,1553,1699,1989,2023
13/07,1837,1880,1857,1777,1566,1866,1985,2109,2061,1692,1755,2009,2150,2080,2034,1711,2020,1915,1959,1812,1472,1558,1644,1794,1844,1733,1516,1644,1937
14/07,1790,1792,1949,1837,1547,1585,1993,2153,2082,1954,1772,1821,2172,2153,2036,1981,1780,1978,1954,1920,1897,1374,1461,1863,1815,1868,1828,1600,2044
15/07,1389,1785,1928,1754,1767,1590,1625,2091,2142,1995,1989,1747,2185,2123,2122,2140,1714,1613,1987,1918,1942,1716,1324,1505,1814,1918,1954,1891,1634
16/07,1384,1401,1949,1833,1848,1952,1669,1755,2150,2003,2110,1996,1900,2088,2107,2181,2049,1592,1599,1879,1923,1822,1660,1407,1920,1922,1915,1888,1509
17/07,1772,1451,1513,1866,1989,1905,1971,1690,2052,2097,2106,2073,1838,1816,2130,2028,2109,1937,1551,1610,1956,1750,1774,1785,1632,1941,1909,1920,1836
18/07,1797,1809,1503,1510,1873,1862,1989,1976,1719,2051,2117,2173,2127,1726,1816,2106,2104,2072,1914,1570,1894,1762,1763,1822,1413,1597,1885,1985,1956
19/07,1844,1861,1899,1481,1892,1973,2034,2105,1653,1814,2110,2101,2192,2094,1760,1763,1989,2067,1787,1815,1537,1744,1756,1792,1824,1506,1622,1955,1977
20/07,1702,1806,1909,1715,1542,1932,1995,2128,2053,1656,1745,2086,2122,2107,2006,1680,2050,2002,1883,1896,1461,1475,1775,1866,1901,1759,1532,1658,1917
21/07,1611,1834,1965,1838,1559,1583,2047,2114,2065,1963,1677,1835,2131,2110,2088,1978,1786,2065,1909,1868,1862,1322,1522,1857,1839,1898,1871,1590,1962
22/07,1365,1738,1916,1789,1853,1536,1695,2094,2102,2066,2053,1720,2124,2163,2144,2073,1621,1709,1856,1874,1810,1675,1395,1596,1806,1942,1908,1915,1639
23/07,1387,1468,1923,1784,1902,1887,1652,1782,2057,2106,2130,2073,1802,2172,2135,2102,1965,1612,1630,1895,1876,1761,1676,1387,1922,1989,1938,2135,1497
24/07,1787,1424,1535,1846,1979,1924,1981,1723,2144,2168,2111,2175,1788,1808,2158,2176,2000,1901,1531,1645,1832,1843,1813,1683,1578,1935,1925,1907,1790
25/07,1747,1749,1554,1505,2010,1923,2028,2009,1693,2052,2108,2165,2021,1771,1825,2144,2056,1907,1862,1489,1829,1774,1779,1926,1506,1739,1875,1923,1951
26/07,1745,1801,1830,1499,2013,1953,1966,1974,1675,1672,2057,2166,2176,2069,1752,1801,2063,1935,1906,1801,1607,1773,1801,1866,1713,1553,1610,2021,1910
27/07,1782,1790,1948,1802,1537,1973,2048,2072,2033,1671,1801,2146,2100,2116,1908,1806,2160,2003,1915,1872,1483,1483,1842,1846,1818,1805,1479,1694,2018
28/07,1724,1811,1907,1865,1628,1659,2005,2089,2040,1941,1758,1784,2209,2104,2115,1983,1825,1966,2019,1886,1760,1410,1540,1891,1805,1890,1795,1481,1991
29/07,1370,1810,1887,1894,1841,1606,1746,2084,2006,2045,1931,1688,2198,2099,2068,2075,1678,1676,1956,1947,1911,1692,1435,1583,1928,1920,1881,1740,1709
30/07,1318,1432,1837,1941,1925,1833,1649,1800,2065,2055,2014,2010,1839,2108,2092,2035,1938,1507,1650,1999,1850,1786,1660,1422,1901,2005,1897,1966,1481
31/07,1731,1438,1533,1832,1923,1934,1926,1678,2063,2036,2079,2049,1801,1841,2011,2085,2097,1901,1606,1704,1842,1718,1744,1721,1607,1949,1908,1864,1782
01/08,1761,1769,1548,1511,1973,1855,1935,1950,1758,2070,2102,2057,2067,1730,1727,2098,1980,1949,1797,1544,1886,1737,1722,1824,1423,1643,1937,1945,1998
02/08,1767,1825,1839,1559,1864,1952,2027,2090,1699,1727,2062,2148,2189,2050,1664,1766,2021,1885,1958,1790,1502,1737,1693,1808,1801,1529,1596,1938,1953
03/08,1801,1753,1920,1711,1520,1965,2015,1988,1939,1731,1797,2121,2079,2097,2013,1761,2145,1905,1899,1913,1477,1509,1716,1743,1901,1752,1509,1640,2040
04/08,1740,1772,1807,1800,1559,1623,2062,2082,2069,1943,1689,1878,2126,1957,2156,2002,1816,1984,1969,1831,1841,1399,1429,1825,1766,1995,1761,1506,1916
05/08,1381,1736,1849,1782,1870,1565,1686,2059,2005,2091,2035,1706,2139,2084,1984,2096,1685,1698,1997,1838,2001,1686,1312,1565,1841,1827,1885,1947,1633
06/08,1373,1511,1836,1848,1950,1868,1592,1672,2121,1900,2043,1998,1856,2012,2131,1972,2069,1547,1684,1957,1892,1781,1656,1423,1894,1937,1885,2044,1473
07/08,1706,1432,1521,1733,1878,1973,1899,1626,2005,2017,1939,2050,1726,1794,2098,2073,2023,1936,1495,1549,1868,1732,1725,1736,1545,2041,1938,1931,1725
08/08,1766,1778,1534,1557,1917,1943,2018,1924,1848,2065,2068,2090,2082,1719,1736,2191,2075,1961,1894,1602,1900,1798,1733,1795,1438,1687,2003,1932,1888
09/08,1762,1833,1849,1461,1962,1963,1981,2006,1740,1676,2131,2160,2181,2020,1746,1715,2064,1977,1906,1848,1532,1749,1773,1804,1731,1539,1683,1889,1911
10/08,1786,1775,1907,1775,1683,1879,2065,1955,1950,1700,1770,2182,2090,2110,2062,1660,2058,1973,1967,1824,1511,1510,1789,1864,1753,1834,1493,1722,1894
11/08,1736,1833,1899,1797,1586,1629,2000,2047,2028,1938,1705,1789,2106,2059,2090,2015,1828,1977,1951,2001,1818,1322,1555,1752,1804,1943,1880,1468,1969
12/08,1370,1794,1940,1827,1826,1538,1638,2086,2039,2018,2079,1808,2099,2143,2072,2142,1696,1653,1989,1907,1837,1672,1377,1593,1873,1920,1935,1796,1725
13/08,1307,1426,1796,1815,1791,1860,1608,1697,2000,1974,1985,2013,1825,2004,1993,2008,1972,1546,1635,1797,1830,1700,1618,1463,1794,1851,1891,1952,1470
14/08,1695,1414,1550,1747,1918,1914,1969,1627,2035,2085,2081,2135,1677,1857,2061,2110,2034,1887,1536,1564,1702,1862,1817,1749,1519,1814,1865,1942,1767
15/08,1711,1744,1521,1498,1877,1930,1948,1967,1672,2046,2130,2176,2046,1718,1745,2104,2076,2023,1915,1535,1793,1797,1777,1716,1371,1614,1920,1926,1928
16/08,1742,1749,1861,1425,1945,1903,2077,1968,1600,1712,2030,2151,2064,1964,1689,1778,2135,2002,1957,1745,1530,1775,1848,1758,1737,1422,1577,1903,1914
17/08,1762,1825,1830,1763,1555,1907,2044,1936,1946,1619,1737,2090,2024,2054,1907,1742,2103,2031,1959,1779,1482,1539,1737,1813,1838,1694,1485,1637,2023
18/08,1705,1777,1912,1760,1576,1598,2026,2025,2089,1932,1618,1901,2066,2077,2065,2035,1736,1977,2008,1866,1788,1423,1424,1763,1887,1890,1788,1553,1926
19/08,1313,1798,1862,1752,1796,1583,1713,2056,2059,1948,1935,1731,2070,2166,2046,2049,1620,1687,1987,1890,1771,1694,1328,1446,1901,1828,1932,1871,1719
20/08,1347,1401,1847,1772,1834,1964,1626,1675,2119,2084,2085,2020,1790,2051,2108,2088,2013,1624,1648,1873,1799,1752,1664,1415,1901,1879,1857,2014,1530
21/08,1701,1421,1527,1814,1912,1959,1888,1620,2066,2117,1961,2045,1754,1781,2011,2074,2098,1976,1537,1535,1883,1737,1841,1726,1528,1911,1971,1938,1794
22/08,1746,1800,1542,1400,1904,1973,1950,1973,1717,2000,2079,2032,2055,1680,1635,2149,2089,1975,1989,1502,1809,1804,1730,1780,1393,1629,1935,1906,1953
23/08,1824,1776,1784,1418,1890,1989,2022,2020,1693,1746,2024,2202,2099,1985,1651,1723,2095,2001,1986,1732,1572,1797,1788,1762,1690,1420,1581,1923,1857
24/08,1601,1808,1818,1695,1589,1951,2025,2017,1944,1660,1780,2102,2088,2113,2000,1692,2125,2011,1926,1785,1507,1432,1827,1773,1832,1768,1492,1593,1860
25/08,1512,1896,1896,1751,1554,1650,1977,2031,1984,1574,1654,1883,2055,2019,2019,1716,1810,1997,2039,1819,1394,1390,1462,1838,1841,1821,1518,1340,1850
26/08,1365,1773,1895,1783,1602,1601,1710,2032,2004,2037,1693,1688,2168,2111,1997,1947,1597,1738,1987,1908,1762,1395,1448,1466,1909,1831,1755,1532,1623
27/08,1301,1380,1854,1778,1875,1533,1674,1725,2044,2077,2029,1715,1826,2086,2010,2023,1659,1685,1655,1930,1864,1570,1262,1327,1893,1923,1867,1689,1390
28/08,1343,1386,1506,1758,1906,1917,1638,1641,2054,2045,1999,2010,1740,1754,2063,2049,1994,1697,1562,1587,1891,1835,1588,1371,1564,1987,1942,1922,1443
29/08,1763,1420,1464,1503,1818,1900,1994,1595,1745,2087,2128,2087,1681,1720,1724,2111,2081,1942,1557,1528,1848,1739,1711,1556,1416,1647,1919,1962,1635
30/08,1744,1774,1491,1502,1887,1942,1945,2025,1683,1751,2089,1968,1987,1638,1623,1789,2124,2079,1869,1524,1577,1789,1825,1709,1459,1431,1549,1965,1908
31/08,1741,1744,1882,1367,1542,1892,2024,2003,1604,1695,1781,2059,2051,2045,1669,1729,2107,2044,1972,1767,1444,1460,1783,1759,1678,1430,1496,1630,1864
01/09,1681,1834,1860,1781,1502,1641,2079,2097,2006,2049,1636,1811,2132,2023,1976,1957,1800,2026,1984,1889,1640,1349,1445,1798,1839,1769,1702,1462,1905
02/09,1346,1867,1916,1792,1807,1581,1724,2091,2102,2001,2007,1727,2167,2143,2020,2050,1696,1728,1935,1929,1771,1640,1297,1505,1901,1925,1802,1847,1592
03/09,1339,1480,1926,1881,1871,1932,1667,1710,2050,2059,2042,2106,1880,2161,2090,2038,1960,1622,1618,1966,1868,1711,1668,1355,1907,1990,1800,1924,1409
04/09,1689,1428,1516,1875,1871,1892,1922,1609,2068,2194,2037,2153,1696,1811,2045,2058,1990,1951,1629,1598,1870,1714,1771,1609,1519,1873,1989,1874,1752
05/09,1689,1766,1575,1480,1937,1989,1970,2032,1747,2081,2180,2119,1985,1728,1813,2089,2063,1961,1917,1579,1844,1770,1698,1711,1485,1609,1949,1952,1970
06/09,1770,1768,1818,1535,1842,2019,2027,2078,1747,1821,2071,2233,2089,2041,1631,1788,2119,1980,1896,1796,1551,1807,1733,1638,1736,1467,1561,2001,1913
07/09,1743,1845,1922,1806,1570,1992,2042,1969,1974,1718,1810,2187,2092,2129,2021,1691,2100,2038,1945,1787,1493,1582,1839,1767,1783,1810,1415,1701,1979
08/09,1723,1822,1932,1777,1546,1647,2017,2121,2008,2050,1722,1866,2119,2198,2026,2051,1774,2053,2041,1906,1804,1370,1504,1748,1805,1871,1843,1539,1989
09/09,1357,1826,1979,1863,1915,1596,1741,2156,1970,2153,2040,1867,2062,2106,2138,2029,1762,1808,2016,1902,1881,1747,1358,1569,1843,1945,1845,1887,1597
10/09,1378,1488,1968,1782,1926,1925,1712,1834,2130,2096,2055,2147,1826,2134,2034,1986,2035,1626,1742,1894,1891,1764,1750,1356,1899,1947,1862,1900,1518
11/09,1679,1489,1538,1810,1942,1965,2004,1701,2049,2134,2088,2088,1659,1912,2114,2110,2093,2001,1587,1667,1874,1824,1719,1736,1537,1959,1871,1988,1813
12/09,1746,1827,1553,1477,1937,1918,2045,1962,1800,2084,2102,2186,2079,1761,1736,2088,2126,2086,1781,1576,1898,1830,1777,1833,1466,1619,1984,1984,1902
13/09,1734,1837,1917,1474,1943,2023,2058,2104,1660,1830,2069,2202,2025,2007,1706,1842,2085,2090,1891,1762,1508,1790,1772,1736,1781,1517,1662,1911,1917
14/09,1797,1778,1942,1856,1651,1967,2096,2119,2103,1794,1774,2251,2080,2198,1951,1787,2193,2080,1973,1961,1596,1554,1910,1808,1802,1767,1480,1660,1976
15/09,1793,1800,1968,1904,1611,1651,2087,2175,2127,2085,1751,1985,2182,2116,2052,2094,1838,2084,1977,1937,1918,1385,1573,1745,1854,1916,1803,1602,1909
16/09,1381,1855,1956,1879,1883,1670,1741,2071,2138,2146,2062,1807,2128,2257,2024,2047,1784,1806,1974,1869,1928,1849,1432,1522,1846,1948,1914,1934,1691
17/09,1460,1478,2002,1909,1897,1993,1722,1750,2119,2116,2093,2170,1829,2230,2094,2122,2080,1682,1760,1929,1974,1817,1758,1422,1953,1954,1891,2012,1530
18/09,1769,1548,1610,1887,1901,2007,2087,1706,2090,2196,2210,2274,1761,1877,2157,2136,2163,2100,1552,1662,1952,1883,1798,1678,1468,2005,2007,2073,1912
19/09,1649,1767,1578,1524,2037,2059,2050,2136,1835,2218,2245,2256,2044,1855,1848,2239,2128,2105,1863,1577,1994,1894,1832,1801,1420,1649,1982,1961,2006
20/09,1720,1828,1986,1608,1970,2063,2096,2166,1766,1831,2133,2316,2175,2136,1793,1790,2195,2004,1894,1935,1655,1899,1926,1795,1773,1539,1555,2066,2036
21/09,1853,1889,1949,1893,1657,2020,2128,2078,2112,1724,1800,2256,2111,2278,2046,1812,2120,2145,2034,2013,1546,1578,1858,1823,1931,1870,1462,1836,2016
22/09,1816,1937,1967,1897,1643,1694,2085,2202,2122,2099,1712,1984,2212,2283,2173,2049,1826,2205,1973,1948,1886,1593,1533,1776,1887,1960,1852,1675,2010
23/09,1395,1821,2055,1916,1941,1704,1770,2200,2144,2221,2102,1831,2163,2330,2143,2091,1751,1876,2078,2048,1883,1879,1430,1537,1913,2051,1958,1978,1710
24/09,1468,1436,1938,1935,1982,1898,1701,1815,2156,2118,2199,2223,1885,2316,2205,2152,2138,1692,1731,2053,1915,1908,1770,1460,1806,2075,1880,2057,1583
25/09,1775,1481,1599,1900,2036,1888,2135,1719,2201,2240,2113,2277,1763,1971,2189,2151,2161,2054,1599,1782,2013,1969,1815,1786,1586,2036,1881,2040,1877
26/09,1771,1767,1537,1615,2026,2052,2057,2048,1837,2234,2230,2285,2053,1964,1846,2132,2160,2078,2042,1636,1942,1902,1811,1814,1520,1815,1922,2108,1976
27/09,1835,1827,1958,1520,2032,2068,2011,2139,1854,1868,2210,2383,2178,2253,1794,1845,2147,2133,1931,1960,1693,1915,1956,1768,1860,1572,1615,2098,1965
28/09,1909,1891,1969,1821,1644,2022,2090,2107,2036,1812,1847,2267,2200,2259,2098,1797,2173,2131,2003,2035,1485,1651,1841,1842,1830,1913,1502,1775,2035
29/09,1906,1856,1906,1890,1635,1643,2075,2131,2109,2072,1834,1866,2246,2233,2198,2068,1940,2056,1981,1984,1857,1469,1636,1919,1876,1964,1775,1655,2055
30/09,1430,1944,1956,1792,2009,1626,1801,2126,2113,2153,2115,1826,2237,2276,2169,2140,1889,1864,2049,1976,1994,1890,1470,1586,1850,2007,1909,1887,1760
01/10,1443,1491,1904,1962,1992,1877,1766,1721,2182,2143,2164,2233,1890,2291,2242,2169,2124,1658,1791,1993,1817,1883,1763,1422,1855,2008,1895,2057,1613
02/10,1638,1495,1628,1910,2064,1991,2022,1660,2185,2119,2107,2272,1815,2005,2217,2083,2094,2023,1563,1717,1912,1918,1871,1807,1554,1925,1903,2007,1889
03/10,1747,1830,1574,1562,1933,1970,2052,1992,1744,2042,2177,2183,2152,1904,1858,2138,2126,2037,1864,1652,1964,1865,1862,1733,1365,1624,1916,1995,1982
04/10,1670,1841,1924,1550,1873,2015,2034,2096,1738,1888,2083,2322,2140,2150,1807,1756,2104,2025,1992,1879,1649,1910,1849,1735,1686,1556,1573,2015,1978
05/10,1865,1794,1935,1853,1583,1909,2079,1958,2114,1659,1775,2272,2065,2211,2075,1783,2189,2134,1919,1911,1515,1561,1860,1851,1782,1822,1446,1703,2016
06/10,1848,1852,1912,1857,1587,1677,2055,2154,2071,2136,1689,1878,2112,2216,2094,1967,1873,1999,2003,1907,1800,1435,1568,1785,1759,1880,1766,1586,1982
07/10,1440,1817,2011,1817,1869,1616,1740,2054,2121,2130,1989,1835,2086,2265,2081,2092,1769,1831,2030,1889,1859,1713,1399,1483,1800,1820,1884,1819,1696
08/10,1374,1447,1919,1855,1871,1896,1682,1768,2107,2036,2130,2017,1829,2219,2046,2042,1981,1671,1646,1964,1846,1724,1753,1419,1767,1822,1881,1937,1496
09/10,1750,1441,1538,1813,1911,1943,1981,1654,2077,2080,1995,2217,1724,1969,2084,2110,1989,2010,1523,1632,1958,1842,1777,1675,1520,1922,1886,1904,1898
10/10,1760,1823,1503,1487,1952,1927,1926,1968,1715,2226,2055,2114,2074,1880,1798,2116,2082,1998,1907,1480,1830,1871,1854,1753,1389,1620,1875,1912,1883
11/10,1769,1786,1910,1524,1864,1939,2000,1957,1652,1747,2004,2205,2101,2183,1734,1712,2018,2000,1894,1888,1619,1754,1742,1840,1692,1423,1551,1919,1933
12/10,1768,1840,1906,1800,1548,2005,2045,2043,1957,1727,1770,2158,2125,2164,1979,1655,2026,2011,2028,1855,1441,1617,1823,1889,1716,1741,1373,1682,1952
13/10,1736,1858,1933,1753,1509,1599,1932,2029,1996,1937,1628,1810,2054,2149,1990,1931,1737,1965,1912,1880,1741,1434,1421,1700,1727,1769,1669,1509,1856
14/10,1366,1830,1910,1775,1830,1557,1713,1954,1970,2128,1984,1734,2063,2212,2159,2061,1584,1674,1929,1897,1762,1732,1354,1443,1821,1843,1781,1900,1564
15/10,1347,1471,1915,1826,1877,1817,1639,1734,2074,2071,1962,2119,1829,2244,2120,1934,1897,1564,1590,1908,1860,1803,1684,1322,1765,1850,1805,1910,1474
16/10,1744,1432,1575,1757,1878,1869,1913,1598,2116,2113,1935,2015,1767,1869,2077,2015,2044,1852,1499,1597,1787,1809,1733,1649,1496,1860,1845,1885,1707
17/10,1730,1784,1513,1467,1909,1910,1883,1961,1719,2045,2163,2075,2009,1804,1689,2039,1992,1915,1827,1507,1846,1759,1723,1708,1359,1481,1773,1889,1784
18/10,1833,1824,1889,1518,1888,1910,1976,1973,1664,1772,2098,2190,2065,2152,1613,1675,2009,1974,1941,1808,1550,1776,1805,1770,1727,1403,1528,1887,1858
19/10,1821,1843,1961,1738,1525,1925,1976,2025,1936,1779,1773,2090,2047,2090,1973,1575,1978,2003,1878,1793,1478,1438,1792,1694,1723,1696,1383,1630,1887
20/10,1810,1879,1906,1814,1525,1601,1983,1987,2092,2000,1683,1785,2110,2173,2024,1963,1711,1993,1879,1842,1782,1292,1447,1745,1698,1773,1687,1415,1802
21/10,1328,1797,1946,1805,1772,1570,1731,2021,1999,1985,1931,1680,2121,2229,2105,1977,1619,1678,1932,1923,1773,1713,1320,1437,1791,1860,1716,1769,1613
22/10,1380,1452,1917,1886,1829,1801,1558,1590,2066,2013,1956,1988,1799,2164,2065,1984,1895,1571,1696,1917,1768,1786,1722,1307,1847,1881,1731,1846,1437
23/10,1810,1398,1516,1821,1784,1881,1884,1705,2099,1927,2023,1981,1741,1828,2048,1975,1989,1897,1473,1572,1758,1778,1686,1604,1521,1875,1777,1808,1768
24/10,1803,1816,1535,1456,1831,1954,1928,1967,1699,2097,2083,2052,1988,1784,1800,2027,1958,1973,1744,1511,1830,1742,1573,1714,1330,1539,1816,1975,1821
25/10,1820,1835,1802,1526,1830,1888,2005,1998,1634,1728,1985,2113,2072,2053,1754,1714,2022,2039,1827,1807,1496,1686,1651,1757,1666,1453,1440,1934,1829
26/10,1847,1920,1928,1772,1505,1923,1994,2058,1961,1686,1727,2188,2094,2111,1983,1638,2074,1987,1793,1844,1538,1417,1667,1731,1681,1636,1360,1568,1867
27/10,1848,1864,1869,1752,1541,1501,1999,2019,1972,1948,1737,1772,2110,2054,2038,1849,1695,1966,1763,1884,1699,1396,1401,1758,1671,1758,1646,1506,1755
28/10,1418,1835,1869,1844,1756,1610,1684,1970,2060,1984,1973,1753,2061,2241,2102,1933,1688,1648,1885,1904,1752,1580,1341,1463,1748,1762,1750,1728,1613
29/10,1465,1380,1940,1801,1795,1843,1647,1646,2090,2063,1955,2040,1830,2181,2114,1961,1926,1646,1538,1871,1841,1619,1617,1363,1683,1838,1764,1826,1409
30/10,1748,1421,1523,1801,1803,1863,1894,1683,2026,1991,2002,2067,1826,1946,2033,1928,1895,1863,1574,1599,1860,1699,1591,1595,1468,1766,1813,1850,1713
31/10,1783,1749,1594,1522,1847,1876,1869,1919,1733,1952,1983,2229,1980,1801,1827,1947,1984,1862,1774,1537,1828,1689,1715,1710,1406,1413,1722,1850,1851
01/11,1776,1811,1862,1534,1915,1944,1965,1992,1673,1693,1998,2161,2181,2072,1699,1762,2044,1983,1819,1769,1570,1749,1684,1729,1694,1376,1520,1975,1792
02/11,1870,1922,1848,1777,1563,1919,2026,1933,1971,1648,1741,2209,2075,2069,1988,1614,2076,1990,1799,1787,1437,1435,1725,1736,1771,1738,1373,1665,1868
03/11,1894,1897,1921,1757,1506,1650,2018,2038,1998,1887,1622,1831,2116,2134,2106,1914,1703,2036,1869,1950,1758,1400,1430,1733,1629,1840,1719,1474,1743
04/11,1445,1837,1989,1738,1812,1544,1661,1991,2061,1992,2052,1750,2148,2134,2138,2021,1617,1716,1882,1875,1787,1702,1311,1445,1738,1858,1797,1793,1476
05/11,1435,1482,1800,1790,1816,1887,1591,1689,2110,2045,1996,2137,1886,2154,2091,2003,1924,1537,1534,1902,1785,1640,1639,1339,1851,1756,1804,1909,1507
06/11,1813,1443,1542,1798,1887,1905,1899,1668,2135,2061,2016,2105,1751,1852,2099,2023,2016,1911,1446,1642,1863,1716,1694,1692,1540,1825,1829,1852,1687
07/11,1784,1776,1576,1478,1811,1917,2000,1936,1789,1998,2094,2014,2141,1805,1785,2103,1972,1898,1869,1455,1868,1740,1652,1775,1422,1534,1883,1898,1843
08/11,1859,1789,1840,1428,1840,1906,1991,1924,1782,1776,1989,2149,2065,2146,1721,1856,2042,1943,1835,1841,1566,1714,1701,1869,1666,1406,1557,1943,1759
09/11,1857,1820,1851,1785,1593,1885,2021,1997,2027,1613,1731,2114,2138,2167,2036,1751,2059,1971,1929,1886,1463,1432,1696,1783,1787,1739,1475,1571,1889
10/11,1738,1811,1970,1736,1445,1688,2053,2044,2080,1926,1679,1832,2102,2149,2118,1951,1762,1909,1790,1814,1770,1295,1465,1795,1728,1805,1792,1431,1847
11/11,1476,1809,1890,1846,1762,1588,1627,1962,1962,2024,1986,1771,2245,2219,2044,2062,1595,1719,1826,1911,1808,1698,1294,1495,1796,1785,1876,1809,1567
12/11,1447,1342,1874,1812,1821,1833,1674,1705,2080,2037,2029,2081,1808,2193,2153,2039,1964,1662,1620,2001,1804,1754,1702,1424,1783,1841,1783,1990,1411
13/11,1787,1403,1532,1755,1805,1821,1904,1594,2065,2060,2022,2059,1800,1918,2102,2058,1963,1897,1453,1607,1768,1781,1723,1714,1503,1776,1805,1890,1697
14/11,1767,1809,1475,1490,1846,1899,1982,1864,1762,1955,2023,2078,2027,1793,1864,2009,2021,1943,1744,1422,1863,1827,1781,1736,1380,1554,1839,1955,1872
15/11,1747,1754,1822,1429,1873,1914,1955,1993,1646,1758,2005,2070,2094,2018,1670,1759,2040,2000,1855,1841,1645,1789,1745,1783,1690,1348,1509,1922,1905
16/11,1825,1789,1851,1685,1510,1917,1991,1944,2012,1611,1713,2096,2114,2051,2110,1603,2064,2005,1856,1853,1425,1445,1662,1759,1744,1720,1410,1598,1809
17/11,1762,1807,1894,1781,1490,1562,2022,1968,2025,1907,1651,1797,2193,2089,2130,2000,1733,1910,1837,1806,1779,1385,1404,1774,1721,1776,1775,1433,1807
18/11,1345,1820,1869,1749,1806,1516,1596,1964,2019,2062,1955,1753,2081,2105,2116,2043,1677,1687,1853,1880,1746,1672,1312,1456,1786,1738,1833,1841,1520
19/11,1398,1366,1834,1761,1811,1796,1629,1666,2015,2018,2012,2104,1791,2112,2159,2004,1975,1576,1512,1885,1778,1739,1760,1396,1768,1748,1771,1898,1389
20/11,1684,1409,1415,1712,1841,1875,1927,1642,2052,2003,1943,2060,1700,1803,2112,2016,1986,1965,1509,1601,1811,1651,1780,1680,1474,1839,1854,1948,1647
21/11,1733,1730,1457,1427,1823,1824,1892,1885,1698,1935,2024,2145,2053,1707,1754,2089,1994,1867,1789,1477,1750,1813,1706,1795,1360,1529,1819,1881,1810
22/11,1779,1779,1848,1424,1868,1912,2023,1965,1708,1745,2012,2039,2143,2018,1611,1698,1979,1883,1789,1811,1507,1738,1687,1783,1661,1355,1470,1913,1737
23/11,1795,1788,1775,1673,1573,1824,2007,1864,2014,1627,1666,2038,2110,2130,1995,1659,1980,1923,1837,1838,1397,1473,1649,1732,1751,1694,1382,1551,1883
24/11,1790,1720,1798,1720,1485,1600,1946,1933,1931,1788,1606,1687,2160,2133,2087,1882,1637,1991,1772,1817,1771,1319,1447,1756,1799,1750,1629,1462,1839
25/11,1341,1722,1820,1703,1708,1516,1635,1964,1964,1930,1812,1627,1986,2126,1986,1939,1613,1611,1836,1764,1689,1621,1405,1478,1817,1757,1783,1821,1548
26/11,1348,1394,1767,1692,1804,1788,1633,1684,1977,1892,1922,2010,1818,2132,2003,1949,1878,1547,1616,1910,1721,1653,1614,1404,1819,1762,1821,1863,1482
27/11,1752,1334,1447,1788,1760,1881,1864,1572,2013,1937,1896,1945,1767,1778,2102,1997,1921,1767,1470,1535,1759,1668,1619,1670,1464,1729,1818,1928,1676
28/11,1749,1675,1465,1421,1773,1956,1876,1885,1692,1882,1996,1966,2030,1714,1734,1968,1929,1950,1807,1426,1809,1667,1676,1725,1355,1568,1833,1909,1775
29/11,1730,1664,1715,1360,1822,1889,1853,1889,1598,1591,1995,1967,2095,1969,1699,1809,1880,1901,1813,1787,1495,1731,1736,1655,1676,1349,1559,1900,1814
30/11,1798,1654,1751,1589,1553,1881,1840,1830,1915,1570,1636,1998,1971,2055,1960,1620,1980,1843,1713,1806,1407,1364,1718,1660,1677,1652,1413,1729,1764
01/12,1775,1727,1818,1698,1427,1539,1981,1935,1863,1937,1571,1745,2117,2028,2020,1864,1726,1879,1846,1896,1712,1349,1403,1705,1761,1799,1648,1416,1724
02/12,1338,1664,1818,1640,1727,1530,1558,1928,1948,1942,1880,1666,2134,2059,2040,2023,1609,1628,1903,1741,1716,1632,1250,1449,1766,1710,1709,1752,1403
03/12,1360,1393,1754,1616,1723,1826,1539,1640,1947,1959,1968,1991,1777,2061,2080,1958,1958,1597,1584,1853,1761,1721,1562,1411,1726,1730,1823,1786,1411
04/12,1711,1349,1437,1685,1803,1921,1813,1555,2053,2030,1945,2093,1730,1844,2044,2018,1955,1830,1462,1533,1750,1690,1628,1654,1500,1766,1760,1907,1665
05/12,1709,1666,1473,1345,1864,1822,1852,1847,1707,1938,1967,1974,2016,1697,1745,2102,1929,1904,1745,1459,1760,1717,1659,1715,1371,1488,1855,1912,1800
06/12,1720,1699,1775,1361,1808,1868,1818,1917,1621,1689,1936,2043,2133,2015,1686,1654,1920,1845,1841,1734,1427,1628,1681,1726,1677,1447,1541,1850,1742
07/12,1705,1676,1737,1622,1468,1828,1919,1885,1916,1621,1708,2053,2121,2122,1903,1576,2022,1865,1851,1790,1393,1380,1636,1734,1717,1705,1462,1541,1804
08/12,1726,1747,1807,1621,1468,1527,1941,1959,1895,1923,1594,1797,2143,2084,2124,1877,1629,1927,1857,1872,1655,1315,1358,1761,1763,1730,1731,1361,1793
09/12,1352,1712,1749,1648,1719,1549,1525,1938,1934,1973,1946,1631,2026,2070,2002,1996,1653,1604,1871,1791,1717,1689,1253,1365,1792,1750,1872,1766,1476
10/12,1293,1328,1828,1615,1717,1815,1526,1593,2045,1907,1923,1938,1829,2155,2016,2067,1922,1503,1522,1853,1781,1763,1604,1331,1816,1851,1763,1929,1266
11/12,1696,1339,1399,1613,1736,1841,1871,1572,1976,2021,2006,2003,1664,1789,2028,2099,1880,1822,1443,1508,1745,1674,1716,1706,1529,1811,1932,1860,1703
12/12,1672,1660,1395,1294,1847,1834,1945,1958,1717,1960,1989,2040,2081,1734,1686,2042,1975,1887,1745,1500,1785,1763,1683,1716,1415,1542,1916,1928,1825
13/12,1745,1704,1765,1256,1778,1921,1906,1896,1621,1654,1961,2082,2090,1953,1650,1699,1951,1887,1804,1751,1473,1623,1618,1743,1636,1325,1484,1841,1800
14/12,1748,1723,1796,1568,1525,1885,1943,2034,1911,1614,1675,2127,2116,2031,1945,1713,1991,1890,1818,1817,1410,1417,1654,1792,1805,1676,1411,1581,1897
15/12,1730,1710,1802,1625,1481,1590,1904,1945,1940,1920,1618,1776,2072,2049,2122,2010,1647,1890,1910,1921,1723,1350,1334,1713,1744,1798,1787,1495,1787
16/12,1335,1712,1834,1630,1804,1541,1575,1991,1961,2062,2016,1676,2099,2099,2048,2018,1671,1549,1976,1839,1711,1697,1306,1433,1751,1875,1844,1904,1605
17/12,1314,1359,1723,1655,1814,1862,1573,1672,1998,1970,2023,2042,1835,2145,2129,2035,1960,1592,1613,1980,1776,1791,1617,1342,1807,1810,1847,1983,1405
18/12,1730,1347,1434,1710,1861,1900,1836,1628,2016,2039,1984,2039,1790,1842,2135,2076,2052,1873,1514,1595,1859,1732,1723,1716,1555,1828,1993,2023,1766
19/12,1843,1771,1416,1364,1899,1907,1887,1942,1732,2018,2085,2075,2117,1766,1807,2058,2098,1912,1840,1509,1869,1839,1700,1764,1393,1525,1987,2060,1829
20/12,1788,1749,1787,1352,1916,2020,1961,1999,1673,1702,2136,2154,2121,2116,1686,1808,2048,1964,1917,1896,1563,1885,1707,1844,1795,1412,1642,2018,1866
21/12,1775,1824,1856,1638,1523,1934,1970,2012,2042,1547,1709,2212,2215,2134,2074,1724,2175,1937,1969,1894,1445,1543,1742,1770,1849,1782,1459,1703,1812
22/12,1743,1810,1766,1634,1574,1570,1978,2074,2124,1959,1702,1851,2149,2157,2114,2003,1804,1966,1891,1848,1836,1450,1521,1720,1870,1753,1750,1471,1759
23/12,1361,1777,1804,1664,1850,1547,1635,1989,2079,2013,2096,1752,2061,2148,2093,2024,1657,1621,1827,1789,1789,1704,1321,1471,1783,1741,1759,1768,1603
24/12,1290,1290,1694,1525,1641,1800,1514,1627,1985,1874,1899,1915,1795,1961,1968,1916,1863,1460,1577,1739,1661,1620,1447,1293,1630,1636,1697,1680,1380
25/12,1112,1158,1235,1135,1263,1292,1385,1391,1548,1440,1505,1554,1594,1701,1605,1522,1593,1389,1385,1344,1335,1302,1227,1195,1326,1394,1382,1366,1289
26/12,1051,1123,1139,1076,1219,1193,1251,1360,1420,1361,1474,1601,1505,1525,1534,1452,1447,1357,1273,1306,1316,1290,1147,1173,1312,1294,1288,1296,1228
27/12,1652,1311,1290,1194,1684,1825,1865,1447,1480,1494,1932,2051,1556,1689,1687,1525,2080,1951,1401,1484,1512,1774,1720,1715,1514,1402,1485,1885,1606
28/12,1781,1770,1429,1290,1424,1922,1943,1951,1529,1519,1746,2100,2063,1798,1706,1542,2158,1994,1852,1471,1452,1495,1779,1780,1522,1463,1565,1757,1897
29/12,1805,1870,1958,1756,1456,1604,2025,2077,2066,1906,1616,1795,2161,2141,2132,2050,1808,2084,1985,1908,1755,1426,1541,1782,1856,1819,1890,1633,1857
30/12,1364,1798,1846,1720,1793,1572,1709,2034,2122,2006,1995,1801,2147,2272,2202,2107,1777,1715,1902,1858,1809,1700,1439,1559,1912,1876,1918,1883,1661
31/12,1290,1423,1801,1741,1837,1857,1565,1664,2094,1980,1963,1997,1814,2149,2196,2033,1976,1654,1636,1937,1762,1780,1615,1377,1664,1855,1891,1844,1532